drug_name,drug_class,channel,days_supply_per_fill,total_fills,age,gender,region_patient,insurance_type,has_comorbidity,age_band,specialty,region_doctor,years_practicing,Actual_Dropoff,Predicted_Dropoff
2,0,1,30,4,62,1,1,2,0,2,0,4,16,1,1
1,1,1,90,7,42,0,2,2,0,1,0,1,27,0,0
3,0,1,30,5,29,0,2,2,1,0,0,3,16,1,1
1,1,1,30,2,39,1,0,2,1,1,0,2,12,1,1
2,0,1,30,11,80,1,4,2,0,3,0,3,10,0,1
3,0,1,30,10,76,1,2,2,0,3,0,1,18,0,1
0,1,1,30,8,51,1,0,2,1,2,0,3,13,1,0
3,0,1,90,7,26,0,4,2,0,0,0,0,4,0,0
0,1,1,90,6,59,1,3,2,1,2,0,4,16,0,0
2,0,1,30,6,32,1,2,2,0,0,0,2,25,1,1
1,1,1,90,4,72,1,2,2,0,3,0,1,3,1,0
0,1,1,30,9,75,1,2,2,1,3,0,4,19,1,1
1,1,1,30,18,59,1,3,2,0,2,0,3,23,0,1
2,0,1,30,5,52,0,1,2,0,2,0,2,22,1,1
1,1,1,30,13,82,1,3,2,0,3,0,3,23,1,1
3,0,1,90,3,58,1,4,2,0,2,0,4,16,1,1
2,0,1,30,3,54,0,1,2,0,2,0,1,3,1,1
1,1,1,30,13,59,0,0,2,0,2,0,3,20,0,1
3,0,1,30,7,60,0,4,2,0,2,0,0,7,1,1
1,1,1,30,13,81,0,4,2,1,3,0,1,23,1,1
0,1,1,30,12,55,1,2,2,0,2,0,3,19,1,1
0,1,1,30,5,56,1,1,2,0,2,0,2,16,1,1
1,1,1,30,10,59,0,0,2,1,2,0,3,16,0,0
3,0,1,30,4,58,1,3,2,1,2,0,3,16,1,1
0,1,1,30,3,63,0,3,2,1,2,0,4,29,1,1
3,0,1,30,13,57,0,0,2,0,2,0,4,16,0,1
3,0,1,90,2,65,1,4,2,1,3,0,4,12,1,1
1,1,1,90,4,65,1,3,2,1,3,0,1,5,0,0
0,1,1,30,1,84,0,2,2,0,3,0,3,23,1,1
0,1,1,30,5,46,0,3,2,1,1,0,3,23,1,1
2,0,1,30,12,36,1,4,2,0,1,0,2,28,0,1
3,0,1,30,1,81,0,0,2,0,3,0,1,5,1,1
1,1,1,30,11,65,0,0,2,0,3,0,1,27,1,1
1,1,1,30,8,54,1,1,2,1,2,0,2,28,1,0
1,1,1,90,7,60,1,0,2,1,2,0,0,7,0,0
1,1,1,30,10,38,1,4,2,1,1,0,2,22,1,1
0,1,1,30,7,41,0,4,2,0,1,0,1,30,1,1
0,1,1,90,6,59,0,4,2,0,2,0,2,12,0,0
3,0,1,30,3,30,0,4,2,1,0,0,4,16,1,1
0,1,1,30,15,74,1,4,2,1,3,0,3,10,0,0
3,0,1,30,10,30,1,4,2,1,0,0,3,22,1,1
1,1,1,30,16,43,1,3,2,0,1,0,1,19,0,1
0,1,1,30,11,70,0,2,2,0,3,0,2,16,0,1
2,0,1,90,9,50,1,0,2,1,2,0,2,28,0,0
1,1,1,30,1,32,1,2,2,0,0,0,0,14,1,1
1,1,1,90,1,38,0,2,2,0,1,0,4,5,1,1
0,1,1,30,9,29,0,3,2,1,0,0,4,4,1,1
3,0,1,30,7,30,0,1,2,0,0,0,1,5,1,1
0,1,1,30,3,31,0,3,2,1,0,0,1,30,1,1
0,1,1,30,12,59,1,2,2,0,2,0,3,22,1,1
3,0,1,90,5,53,0,0,2,0,2,0,3,19,1,0
2,0,1,30,10,72,1,4,2,1,3,0,3,22,1,0
3,0,1,30,1,41,0,2,2,0,1,0,3,16,1,1
3,0,1,30,14,63,1,3,2,1,2,0,2,12,1,0
2,0,1,30,5,28,1,2,2,0,0,0,3,16,1,1
3,0,1,30,13,69,0,4,2,0,3,0,0,7,1,1
0,1,1,30,10,57,1,4,2,1,2,0,1,25,0,1
2,0,1,90,4,41,0,3,2,0,1,0,1,3,0,0
3,0,1,30,4,78,0,1,2,0,3,0,3,16,1,1
0,1,1,30,5,56,1,3,2,0,2,0,4,16,1,1
1,1,1,30,2,46,0,2,2,0,1,0,3,10,1,1
3,0,1,30,11,67,0,3,2,0,3,0,3,16,0,0
0,1,1,90,1,81,0,3,2,1,3,0,3,19,1,1
3,0,1,30,6,38,1,2,2,1,1,0,4,4,1,1
1,1,1,90,3,26,1,4,2,0,0,0,0,2,1,1
1,1,1,30,4,69,0,4,2,0,3,0,4,25,1,1
2,0,1,90,8,79,1,2,2,0,3,0,4,29,0,0
2,0,1,30,9,65,0,0,2,0,3,0,1,23,1,0
0,1,1,30,10,84,1,3,2,1,3,0,2,16,1,1
1,1,1,30,13,66,1,1,2,1,3,0,1,19,0,1
3,0,1,30,13,57,1,3,2,1,2,0,4,5,1,1
3,0,1,30,2,49,1,1,2,0,1,0,2,19,1,1
1,1,1,30,3,82,0,0,2,0,3,0,2,10,1,1
3,0,1,30,10,70,1,3,2,1,3,0,4,5,0,1
3,0,1,90,7,55,0,1,2,0,2,0,1,25,0,0
2,0,1,30,3,36,1,1,2,0,1,0,1,5,1,1
3,0,1,30,10,47,0,2,2,1,1,0,1,3,1,0
2,0,1,30,4,77,1,3,2,0,3,0,1,30,1,1
0,1,1,90,7,71,0,3,2,0,3,0,3,22,0,0
2,0,1,90,1,34,1,2,2,0,0,0,4,33,1,1
2,0,1,30,2,53,0,2,2,0,2,0,4,33,1,1
2,0,1,30,1,38,0,2,2,1,1,0,3,13,1,1
1,1,1,30,14,62,0,3,2,1,2,0,2,22,0,1
2,0,1,30,9,66,0,4,2,0,3,0,2,19,1,1
0,1,1,90,1,47,1,3,2,0,1,0,2,22,1,1
2,0,1,30,6,71,1,2,2,0,3,0,1,19,1,1
0,1,1,30,4,27,1,1,2,0,0,0,3,12,1,1
3,0,1,30,9,26,1,4,2,1,0,0,1,23,0,1
3,0,1,30,1,66,0,3,2,0,3,0,3,22,1,1
2,0,1,30,1,53,1,4,2,0,2,0,2,25,1,1
1,1,1,30,6,45,0,3,2,0,1,0,3,13,1,1
0,1,1,30,8,50,0,4,2,0,2,0,1,18,0,1
2,0,1,30,11,42,1,4,2,0,1,0,1,19,1,1
3,0,1,30,1,30,0,4,2,1,0,0,2,19,1,1
0,1,1,90,3,58,1,0,2,0,2,0,2,25,1,1
3,0,1,90,5,57,1,2,2,1,2,0,4,5,0,0
0,1,1,90,4,54,0,3,2,0,2,0,2,19,1,0
3,0,1,30,4,84,0,2,2,0,3,0,2,16,1,1
3,0,1,90,4,39,1,2,2,0,1,0,2,14,0,0
3,0,1,90,8,29,0,1,2,0,0,0,3,10,0,0
3,0,1,30,7,75,0,4,2,0,3,0,4,16,0,1
1,1,1,30,20,71,0,3,2,0,3,0,2,12,0,0
3,0,1,90,2,33,1,1,2,0,0,0,3,22,1,1
0,1,1,90,4,71,0,4,2,1,3,0,1,25,0,0
3,0,1,90,6,55,0,3,2,0,2,0,2,14,0,0
0,1,1,30,4,68,1,3,2,0,3,0,4,19,1,1
1,1,1,30,7,54,0,3,2,0,2,0,2,12,1,1
2,0,1,90,5,84,1,3,2,1,3,0,2,14,0,0
3,0,1,90,6,63,0,2,2,1,2,0,4,29,0,0
1,1,1,30,11,48,1,3,2,0,1,0,2,10,0,1
2,0,1,30,6,45,1,0,2,1,1,0,4,16,1,1
2,0,1,90,4,79,0,0,2,0,3,0,4,26,0,0
0,1,1,90,7,51,1,3,2,1,2,0,4,33,0,0
3,0,1,30,13,61,0,3,2,1,2,0,3,19,1,1
1,1,1,90,2,37,1,3,2,1,1,0,1,18,1,1
2,0,1,90,7,74,0,2,2,1,3,0,1,23,0,0
0,1,1,30,13,75,1,3,2,1,3,0,2,12,0,0
1,1,1,30,1,36,1,1,2,1,1,0,4,23,1,1
2,0,1,30,1,76,1,3,2,0,3,0,2,12,1,1
3,0,1,30,6,34,1,0,2,0,0,0,2,13,1,1
3,0,1,30,5,36,0,4,2,0,1,0,1,5,1,1
0,1,1,30,9,30,0,0,2,1,0,0,3,19,1,1
1,1,1,30,13,73,0,4,2,1,3,0,0,7,1,1
0,1,1,30,7,60,1,1,2,0,2,0,3,34,1,1
3,0,1,30,3,49,0,0,2,0,1,0,2,2,1,1
2,0,1,90,6,45,0,3,2,0,1,0,1,18,1,0
2,0,1,30,5,36,1,4,2,1,1,0,1,18,1,1
1,1,1,30,5,46,1,3,2,0,1,0,4,23,1,1
3,0,1,30,2,29,1,2,2,0,0,0,3,12,1,1
1,1,1,90,6,48,1,3,2,0,1,0,1,19,0,0
1,1,1,30,3,43,0,0,2,0,1,0,2,19,1,1
3,0,1,90,9,39,1,1,2,0,1,0,2,10,0,0
1,1,1,30,19,45,0,1,2,0,1,0,3,23,1,1
0,1,1,30,8,61,1,2,2,0,2,0,2,2,0,1
0,1,1,30,10,68,0,3,2,0,3,0,3,23,0,1
1,1,1,30,14,80,1,0,2,1,3,0,3,19,0,0
0,1,1,30,2,31,1,3,2,0,0,0,0,7,1,1
3,0,1,30,6,61,0,0,2,0,2,0,4,5,1,1
2,0,1,90,8,46,1,2,2,1,1,0,1,30,1,0
0,1,1,30,3,61,1,1,2,0,2,0,0,7,1,1
1,1,1,90,5,83,0,1,2,0,3,0,4,33,1,0
2,0,1,90,5,82,0,4,2,0,3,0,2,25,0,0
3,0,1,30,11,44,1,4,2,0,1,1,2,24,0,1
0,1,1,30,4,53,0,0,2,0,2,1,3,25,1,1
0,1,1,90,7,32,0,3,2,1,0,1,3,1,0,1
1,1,1,90,1,50,1,0,2,0,2,1,2,22,1,1
2,0,1,30,3,84,0,0,2,0,3,1,3,12,1,1
1,1,1,90,6,25,1,0,2,0,0,1,4,8,0,0
1,1,1,30,5,35,1,1,2,1,1,1,3,12,1,1
2,0,1,90,9,83,1,0,2,0,3,1,2,16,0,0
3,0,1,30,13,59,0,4,2,0,2,1,2,13,0,1
1,1,1,90,5,43,1,1,2,0,1,1,2,13,1,0
2,0,1,30,13,81,1,4,2,1,3,1,4,12,0,0
2,0,1,90,8,71,1,4,2,0,3,1,4,32,0,0
3,0,1,90,3,77,1,4,2,0,3,1,2,31,1,1
3,0,1,30,5,73,0,0,2,0,3,1,2,24,1,1
2,0,1,30,6,42,0,1,2,0,1,1,1,15,1,1
2,0,1,90,9,27,1,2,2,0,0,1,2,20,0,0
3,0,1,30,7,76,1,4,2,1,3,1,2,31,1,1
0,1,1,90,7,79,0,1,2,1,3,1,0,12,0,0
1,1,1,30,9,57,1,2,2,0,2,1,0,12,1,1
0,1,1,30,7,77,0,1,2,0,3,1,3,3,1,1
1,1,1,30,11,53,0,1,2,1,2,1,2,24,1,1
0,1,1,90,4,66,0,2,2,1,3,1,4,23,0,0
3,0,1,30,10,39,0,2,2,0,1,1,3,16,1,1
0,1,1,90,4,44,0,2,2,1,1,1,4,12,1,0
0,1,1,30,5,58,1,4,2,0,2,1,2,16,1,1
1,1,1,30,6,70,1,2,2,0,3,1,2,29,1,1
2,0,1,30,13,75,1,1,2,0,3,1,4,9,1,1
0,1,1,30,10,74,1,3,2,1,3,1,4,22,1,0
0,1,1,90,4,70,1,1,2,0,3,1,4,6,0,0
2,0,1,30,11,25,0,1,2,0,0,1,4,9,1,1
0,1,1,30,15,73,1,2,2,1,3,1,2,24,0,0
2,0,1,30,3,25,0,3,2,1,0,1,4,23,1,1
1,1,1,30,3,67,0,4,2,0,3,1,4,30,1,1
1,1,1,30,2,26,0,2,2,1,0,1,3,12,1,1
0,1,1,30,5,73,1,2,2,1,3,1,1,15,1,1
0,1,1,30,7,35,0,2,2,1,1,1,4,8,0,1
3,0,1,90,7,49,1,4,2,1,1,1,3,1,0,0
1,1,1,30,4,47,1,1,2,1,1,1,1,32,1,1
1,1,1,30,3,84,1,0,2,0,3,1,2,28,1,1
0,1,1,30,19,53,0,2,2,0,2,1,4,32,0,1
3,0,1,30,6,67,0,3,2,0,3,1,3,22,1,1
1,1,1,30,10,39,0,1,2,0,1,1,4,9,0,1
2,0,1,90,6,38,0,4,2,1,1,1,1,13,0,0
1,1,1,30,17,83,0,2,2,0,3,1,2,20,1,1
0,1,1,90,6,46,0,4,2,1,1,1,3,16,0,0
3,0,1,90,2,27,1,3,2,0,0,1,4,8,1,1
2,0,1,90,3,58,1,3,2,0,2,1,2,20,0,1
2,0,1,90,4,62,1,0,2,1,2,1,0,12,0,0
0,1,1,30,7,61,0,0,2,0,2,1,3,16,1,1
2,0,1,30,13,80,1,0,2,0,3,1,2,28,1,1
1,1,1,30,4,78,0,2,2,1,3,1,1,15,1,1
0,1,1,90,1,71,0,1,2,0,3,1,2,9,1,1
3,0,1,30,6,65,1,3,2,0,3,1,3,12,1,1
3,0,1,30,9,45,0,4,2,0,1,1,2,24,0,1
0,1,1,30,1,78,0,3,2,0,3,1,2,22,1,1
2,0,1,30,5,58,0,2,2,0,2,1,2,24,1,1
1,1,1,30,8,82,0,1,2,0,3,1,1,32,0,1
0,1,1,30,1,36,0,1,2,1,1,1,1,13,1,1
1,1,1,30,6,30,1,1,2,0,0,1,3,22,1,1
3,0,1,30,8,55,1,4,2,1,2,1,3,1,1,1
2,0,1,30,5,65,1,0,2,0,3,1,1,6,1,1
2,0,1,30,14,78,1,3,2,1,3,1,1,29,1,1
2,0,1,30,5,84,0,3,2,0,3,1,1,15,1,1
0,1,1,30,8,49,1,1,2,0,1,1,0,12,1,0
3,0,1,90,1,61,1,4,2,0,2,1,3,1,1,1
0,1,1,30,3,34,0,4,2,0,0,1,3,12,1,1
2,0,1,30,1,41,1,0,2,0,1,1,2,29,1,1
1,1,1,30,6,25,1,0,2,1,0,1,2,29,1,1
3,0,1,90,1,31,0,3,2,0,0,1,1,15,1,1
2,0,1,30,10,42,0,1,2,0,1,1,0,12,0,1
0,1,1,30,14,71,1,4,2,1,3,1,1,32,0,0
2,0,1,30,3,36,1,2,2,0,1,1,3,12,1,1
1,1,1,30,1,61,1,2,2,0,2,1,4,22,1,1
0,1,1,30,9,78,1,4,2,1,3,1,4,22,1,0
1,1,1,90,7,71,1,3,2,0,3,1,1,6,0,0
0,1,1,30,10,76,0,2,2,1,3,1,4,32,1,0
0,1,1,30,3,80,0,4,2,0,3,1,2,24,1,1
0,1,1,30,1,61,1,3,2,1,2,1,4,30,1,1
0,1,1,30,3,58,1,0,2,0,2,1,2,28,1,1
0,1,1,30,17,75,0,1,2,0,3,1,1,15,1,0
0,1,1,90,7,79,0,0,2,0,3,1,4,8,0,0
3,0,1,30,1,37,0,1,2,0,1,1,4,12,1,1
3,0,1,90,1,38,1,1,2,1,1,1,0,12,1,1
3,0,1,30,3,69,0,1,2,0,3,1,4,22,1,1
3,0,1,30,3,46,0,4,2,0,1,3,2,26,1,1
0,1,1,30,7,65,0,4,2,0,3,2,4,23,0,1
1,1,1,90,7,28,0,0,2,1,0,2,0,28,0,0
0,1,1,30,3,60,1,1,2,0,2,3,1,14,1,1
2,0,1,30,9,77,0,4,2,1,3,2,1,34,0,1
3,0,1,30,9,26,1,4,2,1,0,3,3,17,0,1
3,0,1,30,11,30,0,1,2,1,0,2,0,5,1,1
0,1,1,90,6,43,1,1,2,0,1,3,1,29,0,0
3,0,1,30,7,60,0,3,2,1,2,2,0,29,1,1
2,0,1,30,9,75,0,4,2,0,3,3,2,25,0,1
2,0,1,90,4,25,1,3,2,0,0,3,4,15,0,0
1,1,1,30,16,61,0,0,2,0,2,3,3,17,1,0
3,0,1,30,9,44,1,1,2,0,1,3,4,32,0,1
1,1,1,30,6,83,0,3,2,0,3,2,4,12,1,1
3,0,1,30,11,69,0,4,2,0,3,2,2,30,1,1
0,1,1,30,6,35,1,1,2,1,1,2,0,31,1,1
3,0,1,90,4,63,0,1,2,1,2,2,0,21,0,0
1,1,1,90,6,41,1,0,2,0,1,2,1,1,0,0
0,1,1,30,14,83,0,3,2,0,3,3,2,2,1,0
0,1,1,90,4,46,0,1,2,1,1,2,2,10,0,0
3,0,1,30,19,81,0,1,2,1,3,2,1,8,0,0
2,0,1,90,4,29,0,4,2,0,0,2,1,26,0,0
3,0,1,30,2,61,1,1,2,0,2,2,1,8,1,1
2,0,1,30,1,83,0,3,2,0,3,3,0,22,1,1
0,1,1,30,8,55,1,1,2,0,2,2,0,29,1,1
3,0,1,90,9,48,0,3,2,1,1,2,1,34,0,0
2,0,1,30,5,70,1,4,2,1,3,2,4,12,1,1
0,1,1,90,4,59,0,0,2,1,2,3,0,31,0,0
3,0,1,90,8,53,1,0,2,1,2,2,0,16,0,0
3,0,1,30,3,62,1,4,2,1,2,2,1,33,1,1
3,0,1,90,8,59,1,1,2,0,2,2,3,16,0,0
3,0,1,30,14,72,1,4,2,1,3,2,1,30,1,1
3,0,1,30,2,83,0,0,2,0,3,3,2,2,1,1
1,1,1,30,14,68,1,3,2,1,3,2,1,1,0,1
3,0,1,30,8,40,1,2,2,0,1,3,2,1,0,1
3,0,1,30,9,42,0,3,2,0,1,3,0,31,1,1
0,1,1,30,9,69,1,4,2,1,3,3,0,31,1,0
1,1,1,30,4,45,1,4,2,0,1,2,0,16,1,1
2,0,1,90,3,49,0,3,2,0,1,3,2,25,1,1
3,0,1,30,5,57,0,0,2,0,2,3,3,26,1,1
2,0,1,30,3,80,0,0,2,0,3,3,3,26,1,1
0,1,1,30,6,75,0,3,2,1,3,2,2,7,1,1
2,0,1,90,5,33,1,4,2,0,0,2,1,23,0,0
0,1,1,30,9,69,0,1,2,1,3,2,0,16,1,0
3,0,1,30,1,28,1,2,2,0,0,2,0,29,1,1
3,0,1,30,3,39,1,2,2,1,1,2,2,10,1,1
3,0,1,90,1,25,0,0,2,0,0,2,3,10,1,1
1,1,1,90,1,49,0,2,2,0,1,3,3,1,1,1
0,1,1,90,6,55,1,3,2,0,2,3,2,26,0,0
0,1,1,30,12,56,1,2,2,0,2,2,4,17,1,1
3,0,1,90,8,41,0,1,2,1,1,2,2,7,0,0
0,1,1,30,2,62,0,4,2,0,2,3,0,32,1,1
3,0,1,30,13,75,0,0,2,0,3,3,3,17,1,1
0,1,1,30,2,51,1,3,2,0,2,2,4,23,1,1
0,1,1,30,9,56,0,4,2,1,2,3,2,34,0,1
1,1,1,30,7,66,0,2,2,1,3,2,0,10,1,1
1,1,1,30,10,44,0,1,2,1,1,2,4,5,1,1
3,0,1,90,3,39,1,1,2,0,1,3,1,14,1,1
2,0,1,30,5,31,1,3,2,1,0,2,0,21,1,1
2,0,1,90,3,69,0,4,2,0,3,3,2,28,1,1
0,1,1,30,4,31,0,2,2,1,0,2,4,23,1,1
1,1,1,30,17,30,0,1,2,0,0,2,4,5,0,1
3,0,1,30,16,74,1,2,2,0,3,2,0,28,0,1
1,1,1,30,8,60,0,0,2,1,2,2,2,4,0,1
2,0,1,90,4,67,0,1,2,0,3,3,1,33,0,0
3,0,1,90,7,64,0,2,2,0,2,2,1,8,0,0
1,1,1,90,4,51,0,0,2,0,2,3,4,32,0,0
1,1,1,90,4,36,1,3,2,0,1,2,1,30,0,0
3,0,1,30,6,57,0,4,2,0,2,3,0,22,1,1
0,1,1,30,5,69,1,1,2,0,3,3,3,26,1,1
3,0,1,30,9,61,1,2,2,0,2,2,1,1,1,1
1,1,1,30,2,71,0,4,2,1,3,2,1,33,1,1
3,0,1,30,6,52,1,3,2,0,2,2,0,24,1,1
2,0,1,90,4,41,0,4,2,1,1,3,3,1,1,0
2,0,1,30,2,47,0,2,2,1,1,3,4,15,1,1
2,0,1,90,6,80,0,0,2,0,3,2,3,32,0,0
3,0,1,90,7,57,1,1,2,0,2,2,1,30,0,0
1,1,1,30,9,49,0,0,2,1,1,2,3,10,1,1
0,1,1,30,7,38,1,2,2,0,1,2,4,23,1,1
2,0,1,90,3,55,0,0,2,1,2,3,2,34,1,1
0,1,1,30,10,30,0,2,2,0,0,3,3,19,1,1
3,0,1,30,3,59,0,0,2,0,2,2,0,10,1,1
1,1,1,90,9,28,0,1,2,0,0,3,4,32,0,0
2,0,1,90,3,36,1,4,2,1,1,2,1,28,1,1
3,0,1,90,4,52,0,4,2,1,2,2,3,16,0,1
0,1,1,30,8,50,0,4,2,1,2,3,2,1,1,0
1,1,1,90,7,44,1,3,2,1,1,2,3,16,0,0
3,0,1,30,15,73,1,2,2,0,3,3,2,28,1,1
3,0,1,90,6,44,0,0,2,0,1,3,2,26,1,0
3,0,1,30,10,66,1,3,2,1,3,3,4,26,1,0
2,0,1,30,4,43,0,2,2,0,1,3,2,26,1,1
0,1,1,90,4,69,0,0,2,0,3,3,2,34,0,0
1,1,1,30,3,75,0,4,2,0,3,2,2,30,1,1
1,1,1,30,3,46,1,3,2,0,1,2,1,1,1,1
3,0,1,30,2,62,1,1,2,0,2,3,3,17,1,1
1,1,1,30,2,44,0,0,2,0,1,3,3,1,1,1
0,1,1,30,5,71,1,4,2,0,3,3,4,15,1,1
1,1,1,30,5,53,1,4,2,0,2,3,3,17,1,1
1,1,1,30,2,37,0,1,2,0,1,2,2,30,1,1
0,1,1,90,4,76,1,3,2,0,3,2,1,1,0,0
1,1,1,30,21,77,0,4,2,0,3,2,4,17,0,1
1,1,1,30,13,64,0,0,2,1,2,2,1,33,0,1
0,1,1,30,5,59,1,2,2,1,2,3,3,17,1,1
1,1,1,30,20,59,0,4,2,1,2,2,4,17,1,0
1,1,1,30,3,46,0,4,2,1,1,2,2,4,1,1
0,1,1,30,13,47,0,2,2,1,1,2,2,14,0,1
3,0,1,90,4,26,0,3,2,0,0,3,4,26,0,0
2,0,1,30,19,59,0,4,2,1,2,3,0,22,0,0
0,1,1,90,4,41,1,1,1,0,1,2,4,12,0,0
0,1,1,90,1,27,1,4,1,0,0,0,2,19,1,1
3,0,1,30,10,69,1,1,1,0,3,1,3,3,1,1
2,0,1,90,2,51,1,2,1,0,2,0,4,25,1,1
2,0,1,30,9,76,1,0,1,0,3,3,2,28,1,1
1,1,1,90,5,46,0,4,1,0,1,1,3,12,1,1
1,1,1,30,7,40,0,1,1,1,1,0,1,5,0,1
2,0,1,30,10,72,1,0,1,0,3,2,2,1,1,1
3,0,1,30,1,26,0,0,1,0,0,1,2,20,1,1
2,0,1,90,4,51,1,4,1,1,2,0,2,12,0,0
0,1,1,90,6,32,0,3,1,0,0,0,2,10,1,1
1,1,1,90,6,37,1,4,1,0,1,3,1,14,1,0
2,0,1,30,3,34,0,1,1,0,0,2,1,8,1,1
2,0,1,90,7,58,0,4,1,0,2,1,2,20,0,0
2,0,1,30,3,74,0,1,1,0,3,1,3,16,1,1
0,1,1,30,8,75,0,2,1,0,3,1,2,24,1,1
3,0,1,30,16,70,0,2,1,1,3,2,1,26,1,0
2,0,1,30,10,64,0,2,1,0,2,2,0,16,1,1
1,1,1,30,6,80,1,4,1,0,3,2,0,31,1,1
3,0,1,30,4,44,0,0,1,0,1,1,4,32,1,1
3,0,1,30,1,30,0,4,1,0,0,1,0,12,1,1
3,0,1,30,2,39,1,4,1,1,1,2,1,33,1,1
3,0,1,30,2,48,0,1,1,1,1,0,1,23,1,1
0,1,1,30,12,68,0,4,1,1,3,2,1,28,0,1
1,1,1,30,8,56,0,0,1,0,2,2,0,21,1,1
1,1,1,90,5,39,1,3,1,1,1,2,3,32,1,0
0,1,1,90,8,26,0,3,1,1,0,2,4,5,0,0
1,1,1,30,6,74,0,2,1,0,3,2,0,29,1,1
0,1,1,30,1,36,1,0,1,1,1,0,1,5,1,1
0,1,1,30,17,42,0,3,1,0,1,0,4,16,0,1
0,1,1,30,14,80,0,4,1,0,3,0,2,2,0,0
0,1,1,30,11,35,1,0,1,0,1,1,4,26,1,1
0,1,1,90,2,77,0,4,1,0,3,2,1,28,1,1
3,0,1,30,4,56,0,4,1,0,2,0,3,13,1,1
3,0,1,30,12,49,0,0,1,1,1,2,2,10,1,1
0,1,1,30,4,53,0,0,1,0,2,0,4,5,1,1
2,0,1,30,8,63,1,1,1,0,2,3,2,34,1,1
1,1,1,30,5,41,1,3,1,0,1,2,2,14,1,1
3,0,1,30,7,32,0,4,1,0,0,0,2,28,1,1
0,1,1,90,2,30,1,2,1,0,0,0,3,10,1,1
0,1,1,90,5,78,0,4,1,0,3,0,1,23,0,0
2,0,1,30,7,68,1,0,1,0,3,2,1,1,1,1
3,0,1,90,1,38,0,3,1,0,1,0,4,16,1,1
0,1,1,30,4,81,1,0,1,0,3,0,4,4,1,1
0,1,1,30,4,66,0,0,1,0,3,0,4,33,1,1
1,1,1,30,9,67,0,2,1,0,3,0,4,19,0,1
0,1,1,90,8,58,0,3,1,1,2,0,4,26,0,0
2,0,1,90,5,79,1,4,1,0,3,1,1,15,0,0
1,1,1,90,5,75,0,3,1,0,3,0,4,29,0,0
1,1,1,30,8,36,1,1,1,0,1,1,4,12,0,1
0,1,1,30,2,62,0,3,1,0,2,1,4,30,1,1
2,0,1,90,7,28,0,2,1,1,0,1,2,13,0,0
3,0,1,90,3,37,0,2,1,0,1,2,4,23,1,1
1,1,1,30,3,56,1,4,1,0,2,2,1,26,1,1
3,0,1,90,2,45,0,2,1,0,1,0,2,19,1,1
2,0,1,30,9,77,1,3,1,0,3,2,1,28,1,1
1,1,1,90,4,70,1,0,1,0,3,1,2,31,1,0
3,0,1,90,4,50,1,3,1,0,2,2,4,23,0,0
3,0,1,90,4,80,0,3,1,1,3,2,3,10,0,0
3,0,1,30,3,69,1,0,1,1,3,1,4,9,1,1
2,0,1,90,2,41,0,1,1,1,1,2,4,5,1,1
1,1,1,30,10,27,0,0,1,0,0,2,3,10,0,1
0,1,1,30,10,84,1,0,1,1,3,2,1,28,0,1
2,0,1,30,5,53,1,2,1,0,2,2,0,21,1,1
2,0,1,30,2,65,1,1,1,0,3,0,2,14,1,1
1,1,1,30,7,60,1,4,1,0,2,1,0,12,1,1
3,0,1,90,6,75,1,3,1,0,3,2,1,26,1,0
2,0,1,30,4,74,0,4,1,0,3,2,1,1,1,1
0,1,1,30,1,28,0,2,1,0,0,3,2,26,1,1
1,1,1,30,7,65,0,3,1,1,3,2,0,31,0,1
2,0,1,30,7,28,0,4,1,0,0,0,1,5,0,1
1,1,1,30,6,80,0,0,1,0,3,3,3,26,1,1
3,0,1,90,3,49,1,3,1,0,1,3,2,26,1,1
0,1,1,90,4,32,1,0,1,0,0,3,3,1,1,1
0,1,1,90,5,78,0,4,1,1,3,0,0,14,0,0
3,0,1,30,6,73,0,0,1,0,3,3,0,31,1,1
1,1,1,30,15,80,0,1,1,1,3,3,2,25,0,0
0,1,1,30,4,46,1,4,1,0,1,2,0,24,1,1
0,1,1,30,7,53,1,2,1,0,2,0,3,19,1,1
3,0,1,30,16,59,0,3,1,0,2,0,2,28,1,1
0,1,1,30,6,71,0,1,1,0,3,1,1,32,1,1
3,0,1,30,12,47,1,1,1,1,1,0,0,33,0,1
2,0,1,30,10,35,0,4,1,1,1,0,1,25,1,1
3,0,1,30,4,63,0,2,1,0,2,1,2,24,1,1
0,1,1,30,9,31,1,2,1,0,0,2,4,34,1,1
2,0,1,30,3,59,1,2,1,0,2,1,4,32,1,1
0,1,1,30,8,49,1,4,1,0,1,1,1,25,0,1
1,1,1,30,6,50,0,3,1,1,2,2,4,12,1,1
1,1,1,30,2,25,1,4,1,0,0,3,0,31,1,1
0,1,1,90,8,48,1,4,1,0,1,2,1,30,0,0
1,1,1,30,4,34,0,4,1,1,0,2,0,24,1,1
1,1,1,30,7,49,0,2,1,1,1,1,4,26,1,1
3,0,1,90,4,64,0,1,1,0,2,1,3,22,0,0
1,1,1,90,1,26,1,4,1,0,0,1,4,26,1,1
3,0,1,90,7,62,0,1,1,1,2,1,1,29,0,0
2,0,1,30,10,32,1,2,1,1,0,0,3,10,1,1
2,0,1,90,6,38,0,1,1,0,1,0,0,14,0,0
1,1,1,90,1,49,0,0,1,0,1,1,2,31,1,1
3,0,1,30,2,71,0,4,1,0,3,2,4,34,1,1
0,1,1,30,5,49,0,0,1,0,1,2,2,4,1,1
1,1,1,90,7,52,0,3,1,0,2,3,4,32,0,0
3,0,1,90,8,82,1,2,1,0,3,3,2,26,1,0
3,0,1,30,6,83,1,3,1,0,3,2,4,12,1,1
1,1,1,30,12,70,0,0,1,1,3,2,1,8,0,0
2,0,1,30,2,64,0,0,1,0,2,3,2,26,1,1
1,1,1,30,8,46,1,0,1,1,1,2,3,16,1,1
2,0,1,90,1,34,0,4,1,1,0,1,4,26,1,1
1,1,1,30,10,83,0,3,1,1,3,2,4,23,1,1
0,1,1,30,10,37,1,0,1,1,1,2,1,33,1,1
3,0,1,30,10,67,1,2,1,1,3,0,4,16,1,0
0,1,1,30,10,56,0,0,1,1,2,0,4,33,1,1
0,1,1,90,7,84,0,2,1,1,3,0,1,23,0,0
1,1,1,90,2,58,1,4,1,0,2,2,0,31,1,1
1,1,1,90,6,70,0,0,1,0,3,1,1,13,0,0
1,1,1,30,10,42,0,3,1,1,1,0,1,18,0,1
2,0,1,30,12,84,0,2,1,0,3,1,3,12,0,1
1,1,1,90,6,31,0,0,1,1,0,2,4,17,0,0
1,1,1,30,10,25,1,4,1,0,0,1,1,5,1,1
2,0,1,30,3,59,0,2,1,0,2,2,4,34,1,1
1,1,1,90,3,27,1,4,1,0,0,1,2,20,1,1
2,0,1,30,7,38,1,4,1,0,1,1,2,24,0,1
2,0,1,90,6,71,1,3,1,0,3,2,2,14,0,0
3,0,1,90,2,28,0,4,1,1,0,2,4,5,1,1
0,1,1,30,1,37,1,1,1,1,1,0,1,5,1,1
2,0,1,30,2,41,0,0,1,0,1,0,2,25,1,1
1,1,1,30,3,43,1,0,1,0,1,1,1,6,1,1
2,0,1,30,1,84,1,4,1,0,3,3,2,1,1,1
1,1,1,90,6,31,1,4,1,1,0,2,4,23,0,0
3,0,1,30,1,61,1,0,1,0,2,3,0,32,1,1
2,0,1,90,6,73,0,1,1,1,3,3,3,17,0,0
0,1,1,90,7,57,1,1,1,0,2,1,3,1,0,0
2,0,1,30,11,38,1,1,1,0,1,1,4,23,1,1
1,1,1,30,5,34,1,4,1,0,0,0,0,33,1,1
3,0,1,30,7,26,0,4,1,0,0,1,1,5,0,1
2,0,1,30,14,84,1,3,1,1,3,2,4,17,0,1
2,0,1,30,7,79,1,1,1,0,3,1,4,12,1,1
2,0,1,90,7,73,1,1,1,1,3,0,1,19,0,0
1,1,1,30,4,81,1,4,1,0,3,3,1,33,1,1
0,1,1,30,12,38,0,2,1,1,1,1,4,26,0,1
1,1,1,90,5,71,1,3,1,1,3,2,1,30,0,0
0,1,1,30,8,54,0,1,1,0,2,0,2,14,1,1
3,0,1,30,8,72,1,1,1,0,3,2,0,21,0,1
0,1,1,90,4,35,0,1,1,0,1,0,4,12,0,1
3,0,1,30,10,27,0,3,1,1,0,2,0,21,0,1
0,1,1,30,4,27,0,2,1,1,0,0,4,25,1,1
0,1,1,30,11,83,1,1,1,0,3,2,4,5,0,1
0,1,1,30,11,59,1,4,1,0,2,0,1,23,1,1
1,1,1,30,18,55,0,3,1,1,2,2,3,32,0,0
0,1,1,30,2,60,0,3,1,0,2,1,2,13,1,1
0,1,1,30,11,50,0,2,1,0,2,3,3,1,0,1
2,0,1,30,5,41,0,2,1,0,1,2,0,5,1,1
0,1,1,30,8,45,1,0,1,0,1,2,1,1,0,1
0,1,1,30,7,83,0,0,1,0,3,2,4,23,1,1
0,1,1,30,4,37,1,4,1,0,1,2,1,33,1,1
0,1,1,30,8,80,1,0,1,0,3,3,2,1,1,1
0,1,1,30,3,25,0,1,1,1,0,2,0,5,1,1
1,1,1,90,7,79,0,0,1,1,3,3,4,32,0,0
2,0,1,30,2,58,1,3,1,0,2,1,2,31,1,1
1,1,1,30,2,41,0,2,1,1,1,1,4,12,1,1
3,0,1,30,2,36,1,0,1,0,1,3,3,1,1,1
0,1,1,90,5,68,0,3,1,0,3,0,4,16,0,0
2,0,1,30,3,26,1,1,1,0,0,0,0,4,1,1
0,1,1,30,10,59,1,3,1,0,2,1,4,8,1,1
3,0,1,30,1,44,1,3,1,0,1,0,3,22,1,1
2,0,1,30,16,49,0,2,1,0,1,3,1,29,0,1
0,1,1,90,4,81,0,0,1,0,3,0,0,4,1,0
3,0,1,30,7,71,0,4,1,0,3,1,3,12,0,1
1,1,1,30,7,59,0,2,1,0,2,0,3,19,1,1
0,1,1,90,4,59,1,0,1,1,2,1,2,13,1,0
0,1,1,30,6,72,1,0,1,1,3,1,2,16,1,1
0,1,1,30,1,61,0,1,1,1,2,0,1,27,1,1
1,1,1,90,4,49,1,4,1,0,1,1,1,5,0,0
3,0,1,30,3,77,1,4,1,0,3,0,0,14,1,1
1,1,1,30,2,37,1,1,1,1,1,0,2,10,1,1
0,1,1,30,2,34,1,0,1,0,0,0,4,5,1,1
0,1,1,30,5,44,0,3,1,0,1,0,2,25,1,1
2,0,1,90,2,80,0,2,1,0,3,2,1,26,1,1
3,0,1,30,9,81,1,4,1,0,3,1,2,20,1,1
2,0,1,30,7,49,1,4,1,0,1,0,0,4,1,1
2,0,1,30,2,57,1,0,1,0,2,0,2,2,1,1
3,0,1,90,3,74,0,3,1,0,3,3,3,17,1,1
1,1,1,30,7,70,0,3,1,0,3,3,1,29,1,1
1,1,1,30,8,60,1,0,1,0,2,2,4,23,1,1
1,1,1,30,4,41,1,1,1,0,1,0,2,13,1,1
3,0,1,90,5,49,0,1,1,0,1,1,4,32,0,0
3,0,1,30,5,28,0,2,1,0,0,1,4,12,1,1
3,0,1,30,2,60,0,4,1,0,2,0,3,19,1,1
3,0,1,30,1,84,0,2,1,0,3,3,1,14,1,1
0,1,1,30,8,57,0,0,1,1,2,2,4,23,1,1
1,1,1,30,8,64,1,3,1,1,2,1,4,32,1,1
0,1,1,90,2,51,0,2,1,0,2,3,0,31,1,1
0,1,1,90,4,81,0,2,1,0,3,0,4,4,1,0
0,1,1,30,9,50,1,0,1,0,2,0,2,10,1,1
1,1,1,90,8,59,0,2,1,0,2,3,4,15,0,0
3,0,1,90,7,29,0,2,1,0,0,0,2,22,0,0
3,0,1,30,1,43,0,1,1,1,1,0,1,5,1,1
2,0,1,30,3,58,1,3,1,0,2,1,2,16,1,1
0,1,1,30,6,78,1,1,1,1,3,1,0,12,1,1
3,0,1,90,5,51,1,3,0,1,2,2,1,8,0,0
0,1,1,30,14,74,1,1,0,1,3,3,0,31,0,0
0,1,1,30,9,68,1,4,0,1,3,2,1,33,1,0
2,0,1,90,4,53,1,2,0,0,2,2,1,1,0,0
1,1,1,90,9,44,1,0,0,0,1,3,0,22,0,0
3,0,1,90,4,59,0,2,0,0,2,3,3,1,1,0
3,0,1,90,7,54,0,0,0,0,2,2,4,12,0,0
3,0,1,90,5,63,0,4,0,0,2,3,0,22,0,0
3,0,1,90,6,41,0,2,0,0,1,2,2,7,0,0
0,1,1,30,20,74,1,1,0,1,3,2,3,10,0,0
1,1,1,90,4,69,1,0,0,0,3,3,2,28,0,0
0,1,1,90,4,46,0,0,0,1,1,1,1,25,1,0
2,0,1,90,6,48,0,2,0,1,1,2,2,1,0,0
3,0,1,90,5,36,0,0,0,0,1,0,3,20,0,0
1,1,1,90,9,82,1,1,0,0,3,1,4,6,0,0
0,1,1,90,9,60,1,1,0,1,2,0,1,11,0,0
2,0,1,90,4,42,1,0,0,0,1,0,4,23,0,0
3,0,1,90,5,57,0,3,0,0,2,3,4,15,0,0
0,1,1,90,7,82,1,3,0,1,3,1,3,12,1,0
0,1,1,90,5,48,1,3,0,0,1,2,2,4,0,0
0,1,1,30,1,33,0,0,0,0,0,2,4,12,1,1
2,0,1,90,4,25,0,4,0,1,0,1,3,1,0,1
0,1,1,30,8,83,0,4,0,0,3,0,4,16,0,1
2,0,1,90,3,41,0,4,0,0,1,3,2,26,1,1
2,0,1,30,4,72,1,0,0,1,3,0,3,10,1,1
2,0,1,30,7,61,1,3,0,0,2,1,2,13,0,1
2,0,1,30,8,79,1,3,0,0,3,2,4,23,1,1
0,1,1,30,9,32,0,3,0,1,0,0,2,10,1,1
2,0,1,30,6,80,1,0,0,0,3,2,2,1,1,1
3,0,1,30,7,33,0,3,0,0,0,1,1,13,0,1
2,0,1,30,3,61,0,1,0,0,2,0,0,17,1,1
2,0,1,90,1,47,1,4,0,0,1,1,2,24,1,1
2,0,1,30,1,30,0,2,0,1,0,3,0,32,1,1
0,1,1,90,3,32,1,1,0,0,0,2,1,30,0,1
0,1,1,30,1,26,1,1,0,0,0,0,2,19,1,1
1,1,1,30,7,80,0,4,0,0,3,1,4,26,1,1
3,0,1,90,2,57,1,0,0,1,2,0,1,25,1,1
2,0,1,30,5,25,0,1,0,1,0,0,0,33,1,1
2,0,1,30,1,66,1,0,0,0,3,2,0,10,1,1
0,1,1,30,6,69,0,0,0,0,3,0,1,19,1,1
2,0,1,30,5,42,1,3,0,0,1,1,1,29,1,1
0,1,1,30,3,50,0,4,0,0,2,2,1,34,1,1
3,0,1,30,10,38,0,0,0,1,1,0,1,30,1,1
0,1,1,30,6,33,0,4,0,0,0,2,1,30,1,1
1,1,1,30,8,62,0,2,0,0,2,2,0,24,0,1
1,1,1,90,4,25,1,3,0,0,0,0,3,20,0,1
3,0,1,30,7,78,1,3,0,0,3,0,4,33,0,1
1,1,1,30,3,66,1,0,0,1,3,0,3,13,1,1
3,0,1,30,1,28,1,0,0,0,0,0,1,5,1,1
2,0,1,30,6,78,0,0,0,1,3,3,4,26,1,1
1,1,1,30,5,54,1,2,0,0,2,0,2,12,1,1
0,1,1,30,4,30,0,0,0,0,0,1,4,23,1,1
2,0,1,30,14,79,1,2,0,1,3,1,3,1,0,1
2,0,1,30,5,26,0,4,0,0,0,2,0,16,1,1
2,0,1,30,10,54,0,2,0,0,2,1,2,31,1,1
2,0,1,30,15,83,1,2,0,1,3,3,2,34,0,1
3,0,1,90,2,33,0,1,0,1,0,0,1,23,1,1
1,1,1,90,2,42,1,2,0,0,1,2,1,28,1,1
0,1,1,30,3,25,0,1,0,1,0,1,4,9,1,1
0,1,1,90,2,28,1,3,0,0,0,1,4,22,1,1
2,0,1,30,4,78,1,3,0,0,3,1,2,28,1,1
3,0,1,30,4,79,0,1,0,1,3,3,2,1,1,1
0,1,1,90,2,33,1,1,0,0,0,0,4,19,1,1
0,1,1,30,5,58,0,0,0,0,2,2,1,30,1,1
0,1,1,90,3,35,1,4,0,0,1,2,1,33,1,1
2,0,1,30,8,80,1,4,0,0,3,0,3,19,1,1
2,0,1,30,5,43,0,3,0,1,1,0,4,5,1,1
3,0,1,30,1,27,1,3,0,0,0,2,0,31,1,1
1,1,1,30,4,46,0,2,0,0,1,2,1,34,1,1
1,1,1,30,1,50,0,1,0,1,2,1,2,9,1,1
1,1,1,30,9,34,0,0,0,0,0,0,3,20,1,1
0,1,1,30,11,68,0,1,0,1,3,1,4,32,1,1
3,0,1,30,2,69,0,3,0,1,3,3,0,32,1,1
1,1,1,30,1,37,1,4,0,0,1,0,2,12,1,1
0,1,1,30,17,63,0,2,0,0,2,1,0,12,1,1
3,0,1,30,1,62,0,3,0,1,2,1,2,29,1,1
3,0,1,30,4,44,0,1,0,1,1,2,4,23,1,1
1,1,1,90,1,37,1,1,0,0,1,0,0,7,1,1
0,1,1,30,6,26,0,1,0,1,0,0,4,26,1,1
2,0,1,30,1,53,0,2,0,0,2,2,0,16,1,1
1,1,1,30,5,74,0,2,0,1,3,0,4,5,1,1
0,1,1,30,7,82,1,0,0,0,3,1,2,24,0,1
3,0,1,30,12,70,1,4,0,1,3,0,3,34,1,1
3,0,1,90,4,44,1,2,0,0,1,0,3,22,1,1
1,1,1,30,4,75,0,0,0,0,3,1,2,20,1,1
2,0,1,30,7,80,1,2,0,0,3,1,4,12,1,1
0,1,1,30,17,64,0,3,0,0,2,1,4,9,0,1
2,0,1,30,5,75,1,4,0,1,3,2,4,23,1,1
3,0,1,90,2,75,0,0,0,0,3,0,3,16,1,1
0,1,1,30,2,28,0,3,0,1,0,1,4,32,1,1
3,0,1,30,4,82,1,4,0,0,3,0,0,2,1,1
3,0,1,30,1,30,0,4,0,1,0,0,1,5,1,1
3,0,1,30,11,67,1,0,0,1,3,3,3,1,1,1
0,1,1,30,3,40,0,4,0,0,1,1,2,13,1,1
2,0,1,30,6,54,0,0,0,0,2,1,2,24,1,1
2,0,1,30,13,54,0,3,0,1,2,1,2,20,1,1
3,0,1,90,2,59,1,4,0,0,2,0,1,23,1,1
2,0,1,30,7,64,1,3,0,0,2,0,1,5,1,1
3,0,1,30,10,84,0,0,0,1,3,1,2,16,0,1
1,1,1,30,7,47,1,4,0,0,1,1,4,6,1,1
3,0,1,30,4,57,0,4,0,0,2,0,2,22,1,1
2,0,1,30,3,39,0,2,0,0,1,3,2,25,1,1
2,0,1,30,4,25,1,0,0,1,0,3,2,1,1,1
0,1,1,30,4,74,1,4,0,0,3,0,0,14,1,1
0,1,1,30,1,43,1,2,0,1,1,0,2,10,1,1
1,1,1,30,5,35,0,1,0,0,1,0,1,25,1,1
2,0,1,30,8,29,1,0,0,0,0,2,1,1,0,1
0,1,1,90,1,39,0,3,0,0,1,3,2,9,1,1
3,0,1,30,1,58,1,4,0,0,2,0,3,20,1,1
2,0,1,30,3,49,1,1,0,1,1,0,2,14,1,1
1,1,1,30,6,38,0,0,0,0,1,1,2,20,1,1
2,0,1,30,3,53,0,1,0,1,2,2,1,1,1,1
1,1,1,30,2,73,0,3,0,0,3,2,1,26,1,1
0,1,1,30,7,43,1,2,0,1,1,0,1,19,0,1
2,0,1,30,11,72,1,0,0,0,3,2,0,31,1,1
0,1,1,30,4,46,1,2,0,0,1,1,4,23,1,1
1,1,1,30,3,74,0,2,0,1,3,1,2,24,1,1
0,1,1,30,2,45,1,4,0,0,1,1,3,12,1,1
0,1,1,90,3,32,1,4,0,0,0,0,1,23,1,1
0,1,1,30,2,49,1,2,0,0,1,0,4,25,1,1
3,0,1,30,7,34,1,1,0,0,0,0,2,16,1,1
1,1,1,30,1,28,1,0,0,0,0,3,4,26,1,1
3,0,1,30,4,55,0,4,0,0,2,0,2,2,1,1
3,0,1,30,13,39,1,3,0,1,1,1,4,9,1,1
3,0,1,90,1,79,1,0,0,0,3,0,4,25,1,1
0,1,1,30,6,68,0,1,0,1,3,2,0,21,1,1
1,1,1,30,5,62,1,1,0,1,2,1,1,6,1,1
0,1,1,30,6,58,1,4,0,0,2,0,1,27,1,1
2,0,1,90,2,37,1,2,0,0,1,2,2,14,1,1
1,1,1,30,3,53,1,2,0,0,2,0,1,27,1,1
0,1,1,30,7,59,0,4,0,0,2,0,0,14,1,1
0,1,1,30,7,32,0,0,0,1,0,2,4,23,1,1
1,1,1,90,2,76,1,3,0,0,3,2,1,33,1,1
1,1,1,30,2,47,1,2,0,1,1,3,2,26,1,1
1,1,1,30,7,47,1,3,0,0,1,0,2,12,1,1
2,0,1,30,12,64,0,1,0,0,2,0,2,12,1,1
0,1,1,30,9,26,0,3,0,0,0,2,0,21,0,1
3,0,1,30,4,47,1,2,0,0,1,0,3,13,1,1
3,0,1,30,5,25,1,0,0,1,0,0,2,13,1,1
3,0,1,30,2,58,1,1,3,1,2,3,4,15,1,1
1,1,1,30,1,63,1,3,3,0,2,0,4,16,1,1
2,0,1,90,3,69,0,3,3,0,3,2,4,23,1,1
2,0,1,30,2,58,1,0,3,0,2,0,2,22,1,1
3,0,1,30,1,39,0,4,3,0,1,1,2,21,1,1
1,1,1,30,2,43,1,4,3,1,1,1,3,16,1,1
2,0,1,30,4,42,1,0,3,0,1,1,1,13,1,1
0,1,1,30,6,83,1,0,3,0,3,0,1,19,1,1
3,0,1,90,2,74,0,0,3,1,3,2,1,1,1,1
1,1,1,30,9,83,1,0,3,0,3,2,1,1,1,1
3,0,1,30,3,50,0,4,3,0,2,3,3,26,1,1
0,1,1,30,5,62,1,2,3,0,2,3,2,2,1,1
3,0,1,90,7,69,0,2,3,1,3,1,4,32,0,0
0,1,1,30,1,26,0,2,3,0,0,1,2,20,1,1
1,1,1,90,1,43,0,3,3,0,1,0,0,7,1,1
1,1,1,30,1,54,0,3,3,0,2,3,2,28,1,1
3,0,1,90,5,41,0,4,3,0,1,1,2,24,1,1
0,1,1,30,4,35,0,2,3,0,1,0,4,12,1,1
3,0,1,90,6,82,0,1,3,0,3,3,0,31,1,0
1,1,1,90,1,71,0,1,3,0,3,2,0,29,1,1
0,1,1,90,2,61,0,0,3,1,2,3,3,1,1,1
0,1,1,30,2,65,0,3,3,0,3,3,3,19,1,1
0,1,1,90,7,62,1,2,3,1,2,0,1,5,0,0
1,1,1,30,2,57,1,3,3,1,2,2,4,17,1,1
2,0,1,90,5,46,1,2,3,1,1,1,3,22,0,0
0,1,1,30,4,81,0,1,3,0,3,0,2,19,1,1
1,1,1,90,5,76,1,4,3,1,3,1,4,23,0,1
2,0,1,30,1,54,1,2,3,0,2,2,1,8,1,1
3,0,1,30,4,46,1,2,3,1,1,2,3,32,1,1
2,0,1,30,1,72,0,3,3,0,3,0,4,26,1,1
2,0,1,90,5,51,1,0,3,0,2,1,1,32,0,0
1,1,1,90,1,70,1,3,3,1,3,2,2,14,1,1
1,1,1,90,5,35,1,4,3,0,1,1,2,16,0,0
0,1,1,90,6,78,0,3,3,1,3,1,4,8,1,0
3,0,1,30,1,31,0,2,3,0,0,0,0,17,1,1
3,0,1,30,7,28,0,0,3,1,0,0,0,7,1,1
1,1,1,90,3,64,0,4,3,0,2,1,0,12,1,1
2,0,1,30,8,48,0,0,3,0,1,0,3,34,0,1
1,1,1,30,2,84,1,4,3,0,3,3,1,33,1,1
2,0,1,90,3,55,0,4,3,0,2,0,2,2,1,1
3,0,1,30,7,31,0,4,3,0,0,0,3,16,1,1
2,0,1,30,3,44,1,3,3,1,1,0,2,2,1,1
3,0,1,30,3,62,0,2,3,1,2,0,3,10,1,1
2,0,1,30,1,69,0,2,3,1,3,2,0,24,1,1
3,0,1,90,4,56,1,0,3,1,2,3,2,9,0,0
2,0,1,30,1,60,0,0,3,0,2,2,1,30,1,1
0,1,1,90,3,64,0,1,3,0,2,1,2,31,0,1
1,1,1,30,4,28,0,0,3,1,0,0,3,20,1,1
3,0,1,30,5,29,1,0,3,0,0,1,2,24,1,1
2,0,1,30,4,35,1,4,3,0,1,0,4,5,1,1
0,1,1,30,2,78,1,0,3,1,3,2,0,5,1,1
3,0,1,30,2,58,0,2,3,0,2,3,0,31,1,1
3,0,1,90,1,74,0,0,3,0,3,2,1,23,1,1
0,1,1,30,5,33,1,0,3,0,0,0,3,13,1,1
3,0,1,90,2,41,1,2,3,0,1,3,2,2,1,1
2,0,1,30,12,73,0,4,3,0,3,1,4,9,1,1
0,1,1,30,2,46,1,1,3,0,1,3,2,9,1,1
2,0,1,30,9,81,1,0,3,1,3,1,1,32,1,1
3,0,1,90,4,83,1,1,3,0,3,0,4,19,0,1
2,0,1,90,2,46,1,0,3,0,1,2,0,31,1,1
0,1,1,30,10,30,1,0,3,0,0,0,1,23,1,1
2,0,1,90,4,41,1,0,3,1,1,0,2,13,0,0
1,1,1,90,3,75,0,2,3,0,3,1,1,29,1,1
3,0,1,30,2,57,1,0,3,0,2,0,4,12,1,1
0,1,1,90,1,32,0,3,3,0,0,0,4,12,1,1
2,0,1,30,1,27,1,4,3,0,0,2,1,33,1,1
0,1,1,30,4,79,0,0,3,0,3,0,3,13,1,1
0,1,1,30,1,46,0,0,3,0,1,2,1,8,1,1
2,0,1,30,4,78,1,2,3,0,3,0,4,19,1,1
3,0,0,30,5,48,0,4,0,0,1,1,4,26,1,1
3,0,0,90,6,68,1,4,0,1,3,2,3,10,0,0
0,1,0,30,5,43,1,1,0,0,1,0,1,11,1,1
0,1,0,90,4,68,0,3,3,0,3,2,2,10,0,1
0,1,0,90,5,77,0,1,3,0,3,2,2,7,1,0
0,1,0,90,8,81,0,0,3,1,3,2,0,29,0,0
1,1,0,90,9,69,0,4,0,0,3,1,2,9,0,0
3,0,0,30,15,34,0,4,0,1,0,1,4,30,1,1
1,1,0,90,4,43,0,4,0,0,1,3,3,1,0,1
0,1,0,90,6,68,1,4,3,0,3,3,2,26,1,1
3,0,0,90,7,65,1,0,0,1,3,1,2,16,0,0
1,1,0,30,4,57,0,2,3,0,2,0,4,16,1,1
0,1,0,30,1,27,1,0,3,0,0,0,2,12,1,1
2,0,0,30,2,80,1,2,0,0,3,0,4,4,1,1
0,1,0,30,9,70,0,4,3,0,3,2,1,1,1,1
0,1,0,90,3,28,0,2,3,0,0,2,1,26,0,1
2,0,0,30,1,50,1,0,3,0,2,0,3,16,1,1
2,0,0,30,4,55,1,4,3,0,2,2,4,34,1,1
2,0,0,30,2,64,0,1,0,0,2,1,2,28,1,1
2,0,0,30,1,39,0,4,0,1,1,0,0,2,1,1
1,1,0,30,11,71,1,4,0,1,3,1,4,32,0,0
1,1,0,90,3,49,1,1,3,0,1,3,0,32,1,1
3,0,0,90,8,33,1,0,0,1,0,2,0,21,0,0
0,1,0,30,8,36,0,1,0,0,1,0,4,19,1,1
0,1,0,30,10,42,1,4,0,1,1,1,2,22,1,1
2,0,0,30,13,69,0,0,3,1,3,1,3,16,0,1
3,0,0,30,1,50,0,2,3,0,2,1,2,24,1,1
0,1,0,30,11,77,1,4,0,1,3,3,0,31,1,1
0,1,0,30,1,62,0,0,0,0,2,0,3,20,1,1
2,0,0,90,5,65,1,2,0,1,3,0,2,16,1,0
0,1,0,30,3,29,0,1,0,0,0,3,0,32,1,1
1,1,0,30,4,67,1,1,3,0,3,0,2,22,1,1
0,1,0,90,1,58,0,1,3,0,2,2,0,5,1,1
1,1,0,30,13,43,1,0,0,0,1,3,2,2,1,0
1,1,0,30,7,56,0,2,3,1,2,3,4,32,1,1
2,0,0,30,4,60,1,4,3,0,2,2,3,32,1,1
3,0,0,30,3,30,0,0,0,0,0,0,1,25,1,1
2,0,0,30,4,30,1,0,3,1,0,1,2,20,1,1
0,1,0,90,5,30,1,2,0,0,0,0,0,33,1,0
3,0,0,90,7,66,0,2,0,1,3,0,4,19,1,0
2,0,0,30,4,57,0,4,0,1,2,0,3,16,1,1
0,1,0,90,5,79,1,4,3,1,3,2,1,33,0,0
2,0,0,30,5,46,0,3,0,1,1,0,3,19,1,1
3,0,0,30,11,68,1,0,0,0,3,1,1,32,1,1
3,0,0,90,4,57,1,3,0,1,2,0,1,27,1,0
1,1,0,30,3,34,1,1,0,0,0,2,0,10,1,1
0,1,0,30,6,58,0,4,0,1,2,1,3,3,1,1
3,0,0,30,8,82,1,3,0,1,3,1,3,22,0,0
1,1,0,30,2,30,1,0,0,1,0,1,2,24,1,1
3,0,0,30,10,47,1,2,3,1,1,2,2,1,0,1
3,0,0,30,2,58,0,1,0,0,2,0,3,22,1,1
3,0,0,30,11,47,1,2,0,1,1,0,1,5,1,1
1,1,0,90,1,62,0,2,3,0,2,1,3,12,1,1
0,1,0,90,4,32,0,0,3,0,0,3,0,22,0,0
2,0,0,90,2,62,0,2,0,0,2,1,4,9,1,1
2,0,0,30,3,47,1,2,0,0,1,0,0,7,1,1
3,0,0,30,2,58,0,1,0,0,2,0,4,12,1,1
0,1,0,30,4,62,1,0,3,0,2,0,1,19,1,1
2,0,0,90,6,65,1,2,0,0,3,2,0,5,0,0
1,1,0,30,2,34,1,2,0,0,0,1,4,8,1,1
2,0,0,30,11,61,1,4,0,0,2,1,3,22,1,1
0,1,0,90,6,50,1,0,3,0,2,0,3,22,1,0
1,1,0,90,6,31,0,3,0,1,0,1,1,25,0,0
2,0,0,90,1,51,0,0,0,0,2,0,4,4,1,1
3,0,0,90,5,57,1,4,0,0,2,3,2,2,1,0
0,1,0,30,4,30,0,3,0,0,0,1,2,13,1,1
3,0,0,30,4,43,1,3,0,0,1,1,4,12,1,1
0,1,0,30,10,44,1,2,0,0,1,1,3,16,1,1
1,1,0,30,2,53,0,4,3,0,2,0,2,28,1,1
0,1,0,30,9,65,1,4,0,0,3,3,2,25,0,1
3,0,0,30,2,30,0,1,3,0,0,2,1,1,1,1
3,0,0,30,8,83,1,1,0,0,3,0,3,20,1,1
1,1,0,90,9,71,0,3,0,0,3,0,3,22,0,0
0,1,0,30,7,42,0,4,0,1,1,2,4,23,1,1
0,1,0,30,8,56,0,4,3,1,2,2,1,23,0,1
1,1,0,30,7,52,0,1,3,0,2,2,0,16,1,1
0,1,0,30,5,58,1,0,3,0,2,2,0,10,1,1
0,1,0,90,6,84,0,4,0,0,3,0,1,30,0,0
1,1,0,30,2,68,0,1,0,1,3,0,4,5,1,1
2,0,0,30,3,41,1,3,3,1,1,3,0,32,1,1
1,1,0,30,10,32,1,0,3,1,0,2,4,12,1,1
3,0,0,30,6,64,1,0,3,0,2,2,4,23,1,1
3,0,0,30,7,71,1,0,3,1,3,3,3,19,0,1
2,0,0,30,17,47,1,0,3,0,1,2,4,12,1,1
1,1,0,30,1,73,0,3,3,0,3,3,4,15,1,1
3,0,0,90,1,27,1,3,0,1,0,2,2,1,1,1
0,1,0,90,9,40,1,0,0,1,1,2,1,33,0,0
3,0,0,30,8,69,0,0,0,0,3,2,4,12,1,1
3,0,0,30,1,38,1,2,3,0,1,0,4,19,1,1
0,1,0,30,7,32,0,4,0,0,0,1,1,13,0,1
2,0,0,90,1,60,1,0,3,0,2,2,1,8,1,1
1,1,0,90,6,80,1,0,0,1,3,3,3,19,0,0
2,0,0,30,7,82,1,3,3,0,3,3,2,1,1,1
1,1,0,90,5,29,0,3,3,0,0,3,1,33,0,0
3,0,0,90,3,55,0,4,3,0,2,1,4,9,0,1
2,0,0,30,3,39,0,0,3,0,1,2,1,34,1,1
3,0,0,30,4,59,1,0,3,0,2,3,2,2,1,1
3,0,0,30,4,61,0,2,0,0,2,2,0,28,1,1
1,1,0,30,7,75,0,2,0,0,3,1,2,21,1,1
2,0,0,30,11,72,1,1,0,0,3,0,4,16,1,0
1,1,0,30,4,52,0,4,0,0,2,1,1,25,1,1
3,0,0,30,1,33,1,4,3,0,0,0,3,16,1,1
1,1,0,90,3,70,1,3,3,1,3,0,0,2,1,1
0,1,0,30,13,76,0,1,3,1,3,3,4,26,0,1
3,0,0,30,5,78,0,0,0,0,3,3,1,33,1,1
3,0,0,90,2,46,1,1,3,0,1,0,3,10,1,1
2,0,0,90,8,61,1,2,1,0,2,0,2,14,0,0
1,1,0,90,4,55,1,3,1,1,2,1,2,28,0,0
0,1,0,30,11,78,1,3,1,0,3,0,4,16,0,1
1,1,0,30,8,28,0,2,1,0,0,0,0,4,1,1
3,0,0,90,8,80,1,4,1,0,3,0,3,19,0,0
2,0,0,90,9,54,0,1,1,0,2,3,4,15,0,0
2,0,0,30,9,37,1,0,1,0,1,0,1,5,1,1
0,1,0,90,6,63,0,3,1,1,2,0,0,4,0,0
3,0,0,30,7,29,0,1,1,1,0,0,2,2,1,1
2,0,0,30,5,37,1,1,1,1,1,0,2,22,1,1
3,0,0,90,5,74,0,0,1,0,3,0,4,12,1,0
0,1,0,90,8,53,0,0,1,0,2,3,2,34,1,0
3,0,0,30,8,45,1,4,1,0,1,0,3,10,0,1
1,1,0,30,9,60,1,3,1,1,2,1,4,30,1,1
1,1,0,30,21,62,1,4,1,1,2,2,2,14,0,0
1,1,0,30,6,57,0,2,1,0,2,2,1,8,1,1
3,0,0,30,11,83,1,2,1,0,3,0,3,23,0,1
2,0,0,30,3,27,0,2,1,0,0,2,0,24,1,1
3,0,0,30,6,63,1,1,1,0,2,0,0,4,1,1
0,1,0,30,22,78,1,4,1,1,3,1,3,25,0,0
1,1,0,30,10,55,0,2,1,1,2,3,2,9,1,1
3,0,0,30,8,67,0,0,1,0,3,1,4,12,1,1
3,0,0,90,1,38,1,4,1,0,1,2,1,30,1,1
1,1,0,90,1,58,0,3,1,1,2,3,4,32,1,1
1,1,0,90,7,77,0,1,1,1,3,3,1,29,0,0
2,0,0,30,1,30,1,2,1,0,0,0,1,11,1,1
1,1,0,30,5,46,1,4,1,0,1,1,2,24,1,1
1,1,0,30,8,36,1,1,1,0,1,2,4,23,1,1
2,0,0,90,1,51,0,1,1,0,2,1,2,24,1,1
1,1,0,30,14,69,0,2,1,0,3,1,1,25,0,1
3,0,0,30,11,79,1,3,1,0,3,0,3,19,1,1
0,1,0,30,9,48,0,4,1,1,1,3,2,25,0,1
1,1,0,90,1,65,1,1,1,0,3,3,4,26,1,1
1,1,0,30,5,40,1,3,1,0,1,1,3,1,1,1
1,1,0,30,18,73,1,3,1,0,3,2,1,28,0,1
0,1,0,90,6,83,1,0,1,1,3,3,4,26,0,0
0,1,0,90,7,64,1,1,1,0,2,2,1,26,0,0
1,1,0,90,4,84,1,0,1,0,3,2,0,10,0,0
0,1,0,30,5,49,1,0,1,0,1,1,3,3,1,1
1,1,0,90,5,45,1,0,1,0,1,1,3,16,0,0
3,0,0,90,7,54,0,3,1,0,2,2,2,4,1,0
2,0,0,30,11,42,1,2,1,1,1,1,4,32,0,1
2,0,0,90,9,57,0,1,1,0,2,2,0,21,0,0
1,1,0,30,4,28,0,4,1,0,0,1,4,9,1,1
0,1,0,90,5,46,0,1,1,0,1,1,2,29,0,0
3,0,0,90,5,69,0,4,1,0,3,0,1,30,0,0
1,1,0,90,9,34,0,4,1,0,0,1,1,13,0,0
0,1,0,30,12,73,0,3,1,0,3,1,2,24,0,1
2,0,0,30,13,59,0,0,1,0,2,0,4,26,0,1
3,0,0,90,4,50,0,3,1,0,2,2,1,1,0,0
3,0,0,30,10,37,1,2,1,0,1,1,3,12,0,1
1,1,0,30,5,29,0,0,1,0,0,2,1,8,1,1
1,1,0,90,5,65,1,0,1,0,3,0,2,22,0,0
2,0,0,90,3,45,0,3,1,0,1,2,3,32,0,1
3,0,0,30,14,62,0,3,1,0,2,3,3,19,1,1
0,1,0,30,6,34,1,4,1,0,0,3,3,19,1,1
2,0,0,30,7,62,1,2,1,0,2,3,2,1,1,1
3,0,0,30,1,42,0,4,1,1,1,0,2,2,1,1
0,1,0,30,3,32,0,1,1,0,0,2,2,30,1,1
1,1,0,90,6,32,1,2,1,1,0,3,2,34,1,0
1,1,0,90,1,63,0,4,1,0,2,3,0,31,1,1
2,0,0,30,6,49,1,1,1,1,1,0,4,29,1,1
3,0,0,30,4,84,0,1,1,1,3,0,3,23,1,1
1,1,0,30,16,81,0,1,1,0,3,2,1,1,0,0
2,0,0,30,4,67,0,1,1,0,3,1,4,8,1,1
0,1,0,30,2,31,0,3,1,0,0,2,1,30,1,1
2,0,0,90,7,30,0,3,1,0,0,1,2,9,1,0
2,0,0,30,11,64,1,3,1,0,2,1,4,6,1,1
0,1,0,30,5,66,0,2,1,0,3,0,0,17,1,1
0,1,0,90,8,84,1,2,1,0,3,0,4,19,1,0
2,0,0,30,11,60,0,3,1,1,2,0,0,14,0,1
0,1,0,30,7,71,0,3,1,0,3,0,4,12,1,1
3,0,0,30,9,73,0,4,1,0,3,1,3,1,0,1
0,1,0,30,10,73,0,2,1,1,3,2,1,26,0,1
0,1,0,30,15,53,0,1,1,1,2,2,2,1,1,1
1,1,0,90,5,71,0,1,1,1,3,1,2,16,0,0
1,1,0,30,12,29,0,0,1,1,0,1,2,29,1,1
2,0,0,30,8,70,0,1,1,0,3,1,2,28,1,1
3,0,0,30,11,29,0,3,1,1,0,3,2,2,1,1
1,1,0,30,5,51,1,4,1,0,2,0,1,23,1,1
0,1,0,90,5,71,0,1,1,1,3,2,1,26,0,0
0,1,0,90,4,37,0,0,1,0,1,3,3,19,0,1
3,0,0,30,15,48,0,3,1,0,1,1,2,29,0,1
1,1,0,30,6,43,1,1,2,0,1,0,3,23,1,1
0,1,0,90,4,43,0,3,2,0,1,0,4,33,0,1
2,0,0,90,4,26,1,0,2,1,0,3,0,31,0,1
1,1,0,90,3,39,1,4,2,0,1,2,2,7,1,1
0,1,0,30,4,66,0,2,2,0,3,1,4,22,1,1
1,1,0,30,13,50,1,2,2,0,2,2,0,21,0,1
1,1,0,30,6,45,0,0,2,0,1,0,3,19,1,1
1,1,0,30,13,64,1,0,2,0,2,1,3,22,0,0
3,0,0,30,6,57,0,0,2,0,2,2,4,5,1,1
1,1,0,30,5,43,1,0,2,1,1,0,1,3,1,1
2,0,0,30,10,43,0,4,2,1,1,0,3,34,1,1
3,0,0,30,5,67,0,4,2,0,3,3,3,1,1,1
3,0,0,30,5,42,0,3,2,1,1,2,2,14,1,1
0,1,0,90,2,31,0,2,2,0,0,2,4,23,1,1
0,1,0,30,14,47,0,1,2,0,1,2,1,30,0,1
3,0,0,30,12,62,0,4,2,1,2,2,4,12,0,1
0,1,0,90,7,26,1,1,2,0,0,0,2,12,0,0
3,0,0,30,3,82,1,2,2,0,3,2,2,30,1,1
1,1,0,30,12,61,1,3,2,1,2,0,0,4,1,0
1,1,0,30,12,64,1,2,2,1,2,0,1,18,1,1
0,1,0,30,10,77,1,3,2,0,3,1,2,20,0,1
0,1,0,90,7,25,1,0,2,1,0,0,1,5,0,0
3,0,0,30,3,65,1,2,2,1,3,0,2,13,1,1
2,0,0,30,3,28,0,2,2,0,0,0,2,13,1,1
2,0,0,90,1,84,1,4,2,0,3,2,1,1,1,1
2,0,0,30,3,39,1,4,2,0,1,0,3,19,1,1
0,1,0,90,1,49,1,3,2,0,1,3,1,29,1,1
3,0,0,30,4,34,1,1,2,0,0,3,1,33,1,1
3,0,0,90,4,66,1,0,2,0,3,3,2,2,0,0
3,0,0,30,7,65,0,2,2,1,3,0,1,25,0,1
1,1,0,30,14,40,0,1,2,1,1,0,3,10,0,1
1,1,0,30,9,59,1,2,2,1,2,1,2,24,0,1
0,1,0,30,16,34,1,1,2,1,0,2,0,16,1,0
3,0,0,30,9,32,0,1,2,0,0,0,1,23,1,1
0,1,0,30,4,39,0,4,2,0,1,3,2,34,1,1
1,1,0,30,5,45,0,0,2,1,1,1,4,32,1,1
3,0,0,30,5,27,1,1,2,1,0,2,2,30,1,1
2,0,0,30,9,38,1,4,2,0,1,2,4,23,1,1
2,0,0,90,4,38,1,2,2,0,1,0,3,19,1,0
2,0,0,30,3,59,1,0,2,1,2,1,2,31,1,1
2,0,0,30,14,82,1,4,2,1,3,3,2,9,0,1
3,0,0,30,3,27,0,1,2,0,0,1,3,25,1,1
3,0,0,90,5,53,0,4,2,1,2,1,1,15,0,0
0,1,0,30,11,75,0,1,2,0,3,2,1,33,1,1
2,0,0,30,13,75,0,3,2,0,3,0,3,19,0,1
2,0,0,90,8,78,0,1,2,0,3,2,1,30,0,0
3,0,0,30,9,41,0,3,2,0,1,1,4,6,1,1
2,0,0,30,6,51,0,2,2,0,2,2,0,29,1,1
1,1,0,30,11,71,1,4,2,1,3,1,2,24,1,1
2,0,0,30,13,71,1,1,2,0,3,2,0,28,0,1
3,0,0,30,10,49,1,0,2,0,1,2,2,14,0,1
1,1,0,30,13,39,0,0,2,0,1,0,3,10,1,1
3,0,0,30,10,65,1,2,2,0,3,0,2,28,0,0
1,1,0,90,4,61,1,3,2,0,2,0,4,33,0,0
0,1,0,90,7,51,0,2,2,0,2,2,1,23,0,0
2,0,0,30,12,55,1,4,2,0,2,0,2,22,0,1
1,1,0,30,2,35,0,3,2,0,1,2,0,10,1,1
1,1,0,30,21,30,1,1,2,0,0,1,4,26,0,0
1,1,0,30,7,40,1,0,2,0,1,2,3,16,1,1
1,1,0,30,11,81,1,1,2,1,3,1,2,29,0,1
0,1,0,30,1,65,0,2,2,0,3,3,3,26,1,1
3,0,0,90,4,59,0,2,2,0,2,1,2,13,0,0
0,1,0,30,2,69,0,4,2,0,3,1,2,16,1,1
0,1,0,30,11,69,1,4,2,0,3,1,3,25,1,1
3,0,0,30,16,58,1,2,2,0,2,3,2,28,0,1
3,0,0,30,2,51,0,2,2,1,2,2,0,29,1,1
3,0,0,90,4,39,1,0,2,0,1,1,2,29,0,0
3,0,0,30,12,42,1,3,2,1,1,3,0,32,1,1
1,1,0,90,6,72,1,4,2,0,3,2,2,30,0,0
3,0,0,30,1,44,1,3,2,0,1,2,1,26,1,1
0,1,0,30,1,35,0,0,2,0,1,0,2,19,1,1
2,0,0,30,11,62,0,1,2,0,2,3,3,1,1,1
1,1,0,90,4,63,0,2,2,1,2,1,1,25,0,0
0,1,0,30,8,48,1,4,2,0,1,3,2,1,1,0
2,0,0,30,5,39,1,3,2,0,1,0,3,20,1,1
0,1,0,90,4,60,1,3,2,0,2,0,3,19,0,0
3,0,0,90,6,66,0,3,2,0,3,2,2,1,0,0
1,1,0,30,5,33,0,2,2,0,0,1,1,15,1,1
0,1,0,90,6,77,1,1,2,1,3,2,3,16,0,0
0,1,0,30,14,82,0,4,2,0,3,0,4,12,0,1
2,0,0,90,7,71,0,0,2,0,3,2,0,28,0,0
1,1,0,30,8,54,0,1,2,0,2,0,2,22,1,1
1,1,0,90,5,73,1,1,2,0,3,3,0,32,0,0
1,1,0,30,3,54,0,0,2,1,2,0,4,5,1,1
0,1,0,30,13,76,0,3,2,0,3,1,4,12,1,1
0,1,0,30,11,52,1,3,2,0,2,1,1,6,1,1
3,0,0,30,3,54,0,2,2,0,2,1,2,20,1,1
3,0,0,90,5,72,1,2,2,0,3,0,3,19,0,0
2,0,0,30,2,34,1,2,2,0,0,0,0,2,1,1
1,1,0,30,7,47,0,4,2,1,1,0,4,16,1,1
1,1,0,90,5,28,0,2,2,0,0,2,0,21,1,0
1,1,0,30,18,39,0,2,2,1,1,1,3,3,0,1
2,0,0,30,8,70,1,3,2,1,3,1,4,9,1,1
0,1,0,30,3,33,0,4,2,0,0,0,1,5,1,1
0,1,0,90,8,83,0,3,2,0,3,2,1,30,0,0
3,0,0,30,12,81,1,1,2,0,3,0,0,17,1,0
3,0,0,30,7,43,0,3,2,0,1,1,1,13,1,1
0,1,0,30,3,51,1,2,2,0,2,0,2,2,1,1
0,1,0,90,4,68,1,0,2,0,3,2,4,23,0,0
1,1,0,30,7,41,1,1,2,0,1,1,1,25,0,1
2,0,0,90,9,69,0,0,2,0,3,2,1,28,0,0
2,0,0,90,5,40,0,4,2,0,1,2,0,16,0,0
1,1,0,30,10,72,1,2,2,0,3,0,1,30,1,1
2,0,0,90,8,50,0,1,2,0,2,3,3,17,0,0
3,0,0,30,11,71,1,1,2,0,3,0,3,19,0,1
0,1,0,90,9,45,0,3,2,1,1,2,3,32,0,0
3,0,0,30,13,82,1,4,2,1,3,2,3,10,1,1
3,0,0,30,16,81,0,0,2,1,3,0,3,16,1,1
2,0,0,30,4,65,1,2,2,1,3,2,1,1,1,1
3,0,0,30,15,63,0,2,2,1,2,1,4,22,1,1
1,1,0,30,10,42,0,3,2,0,1,1,3,3,0,1
3,0,0,90,8,71,1,1,2,1,3,0,1,19,0,0
3,0,0,30,3,28,0,2,2,0,0,0,3,19,1,1
2,0,0,30,14,70,1,3,2,1,3,0,1,19,0,1
1,1,0,30,8,78,0,3,2,0,3,0,4,23,1,1
1,1,0,90,5,41,0,0,2,0,1,0,3,12,0,0
3,0,0,30,16,46,0,2,2,1,1,2,1,1,1,1
2,0,0,90,4,76,0,1,2,1,3,0,4,33,0,0
3,0,0,90,8,81,0,2,2,1,3,2,2,4,0,0
1,1,0,90,5,35,0,0,2,0,1,0,1,11,1,1
2,0,0,30,9,74,1,1,2,0,3,1,2,22,0,1
3,0,0,30,12,81,0,4,2,0,3,2,1,1,1,1
1,1,0,30,5,59,0,3,2,0,2,2,0,5,1,1
1,1,0,90,5,32,0,1,2,1,0,3,0,31,0,0
3,0,0,90,2,53,1,4,2,0,2,3,2,34,1,1
3,0,0,30,7,61,1,4,2,0,2,0,3,19,1,1
3,0,0,30,3,49,0,3,2,0,1,0,3,12,1,1
3,0,0,90,4,64,0,4,2,0,2,2,1,28,1,0
0,1,0,30,8,25,1,4,2,0,0,1,1,6,1,1
3,0,0,30,6,43,1,3,2,0,1,3,3,19,1,1
2,0,0,90,7,81,0,3,2,1,3,3,2,2,0,0
2,0,0,30,7,82,0,4,2,0,3,1,2,9,1,1
1,1,0,90,8,45,0,3,2,1,1,0,0,33,0,0
1,1,0,30,5,44,1,3,2,0,1,1,2,20,1,1
3,0,0,30,12,45,0,0,2,0,1,0,1,11,0,1
0,1,0,30,9,77,1,3,2,0,3,0,4,4,1,1
0,1,0,30,10,42,0,0,2,0,1,2,4,23,1,1
0,1,0,30,15,44,1,3,2,0,1,0,2,13,0,1
1,1,0,90,4,78,1,4,2,0,3,3,2,26,0,0
0,1,0,30,20,44,1,3,2,1,1,1,3,16,0,0
0,1,0,30,13,35,0,3,2,0,1,0,3,34,0,1
3,0,0,30,11,51,0,4,2,1,2,0,0,4,0,1
2,0,0,30,10,52,0,1,2,0,2,1,3,3,0,1
2,0,0,30,18,45,1,0,2,0,1,0,0,7,1,1
0,1,0,30,14,76,0,2,2,1,3,0,1,5,0,1
2,0,0,30,11,55,1,4,2,0,2,2,1,1,0,1
3,0,0,30,9,73,1,2,2,0,3,1,1,13,0,1
3,0,0,30,5,29,0,2,2,1,0,0,2,12,1,1
1,1,0,30,6,82,0,0,2,0,3,3,0,22,1,1
0,1,0,30,8,34,0,2,2,0,0,1,2,24,1,1
1,1,0,30,3,37,1,4,2,0,1,2,4,34,1,1
1,1,0,30,10,72,0,4,2,0,3,1,0,12,1,1
3,0,0,30,4,34,0,0,2,0,0,1,2,24,1,1
0,1,0,30,11,41,1,1,2,1,1,1,2,9,1,1
3,0,0,90,5,73,1,2,2,1,3,1,1,13,0,0
0,1,0,30,9,67,0,3,2,0,3,2,4,34,1,0
3,0,0,30,8,65,1,3,2,0,3,1,2,24,0,1
1,1,0,30,14,84,1,0,2,0,3,1,2,22,0,0
0,1,2,90,9,41,0,4,2,0,1,1,4,32,0,0
2,0,2,90,1,58,1,4,2,0,2,2,4,12,1,1
3,0,2,30,1,70,0,4,3,0,3,0,0,14,1,1
3,0,2,30,7,28,0,0,1,0,0,0,2,12,0,1
2,0,2,90,4,69,0,4,0,0,3,1,3,22,0,0
3,0,2,30,9,78,1,4,1,1,3,1,4,32,1,1
1,1,2,30,10,80,0,1,2,0,3,1,2,22,0,1
2,0,2,30,15,82,1,2,2,0,3,1,3,12,0,1
0,1,2,30,11,84,1,0,2,1,3,1,1,32,0,1
2,0,2,30,4,72,1,0,2,0,3,2,2,4,1,1
2,0,2,90,6,61,0,3,2,1,2,1,0,12,0,0
0,1,2,30,2,70,1,0,3,0,3,1,3,12,1,1
0,1,2,30,7,36,1,3,1,0,1,0,0,4,1,1
0,1,2,30,6,38,1,1,3,0,1,2,1,30,1,1
2,0,2,90,3,30,0,4,1,0,0,1,1,15,1,1
0,1,2,30,10,61,1,2,1,1,2,2,0,16,0,0
0,1,2,90,4,80,1,2,2,1,3,2,4,23,1,0
2,0,2,90,2,26,0,0,3,1,0,0,1,5,1,1
2,0,2,30,3,84,1,0,2,1,3,1,3,3,1,1
3,0,2,90,5,82,0,0,1,1,3,0,1,5,0,0
2,0,2,30,8,39,1,0,0,1,1,2,4,12,1,1
3,0,2,30,4,71,1,2,0,1,3,2,3,32,1,1
3,0,2,30,7,56,0,4,1,0,2,0,3,34,1,1
0,1,2,90,4,48,1,1,0,0,1,1,2,31,0,0
3,0,2,30,14,46,1,1,2,0,1,1,1,25,1,1
2,0,2,30,6,35,0,3,2,1,1,3,4,15,1,1
2,0,2,30,14,71,1,4,1,0,3,2,1,30,1,1
2,0,2,30,13,54,1,2,2,1,2,2,4,23,0,1
1,1,2,30,5,31,0,1,2,0,0,3,0,32,1,1
3,0,2,90,5,35,0,3,1,0,1,1,3,25,0,0
2,0,2,90,4,34,0,3,2,1,0,0,3,16,1,0
2,0,2,30,1,50,1,0,2,0,2,2,1,33,1,1
1,1,2,30,1,53,1,2,2,0,2,0,3,20,1,1
0,1,2,30,12,77,1,4,2,0,3,1,4,12,0,1
0,1,2,90,7,82,0,1,2,0,3,2,1,8,0,0
3,0,2,30,1,32,0,3,2,0,0,0,4,33,1,1
2,0,2,30,11,74,0,0,1,0,3,0,1,5,1,1
3,0,2,30,4,44,0,2,0,0,1,2,1,28,1,1
3,0,2,30,13,71,1,3,1,0,3,3,1,33,0,1
1,1,2,30,1,65,1,1,0,0,3,1,4,9,1,1
1,1,2,30,2,38,0,2,1,0,1,2,1,33,1,1
0,1,2,30,13,78,0,3,2,0,3,0,3,19,0,1
1,1,2,30,4,40,1,2,2,0,1,1,0,12,1,1
3,0,2,90,6,81,0,4,2,1,3,1,1,32,0,0
1,1,2,30,12,30,1,0,2,0,0,3,0,22,1,1
0,1,2,30,12,81,1,0,2,0,3,0,3,23,0,1
2,0,2,90,2,25,0,4,3,1,0,2,1,8,1,1
3,0,2,30,12,45,1,2,0,0,1,0,0,7,0,1
0,1,2,90,4,81,0,2,2,1,3,3,2,34,1,0
3,0,2,30,13,67,1,3,2,0,3,2,1,26,0,1
1,1,2,90,4,28,0,1,2,0,0,0,3,34,1,1
2,0,2,90,7,41,0,2,1,0,1,0,4,33,0,0
1,1,2,30,10,83,1,2,1,0,3,1,3,22,1,1
3,0,2,30,3,33,1,2,1,0,0,3,3,19,1,1
0,1,2,30,16,71,0,3,0,0,3,2,1,8,1,1
0,1,2,90,7,26,1,3,2,0,0,0,4,23,0,0
2,0,2,30,3,28,1,2,0,0,0,3,2,25,1,1
2,0,2,90,3,64,1,4,0,0,2,3,2,25,1,1
2,0,2,90,4,39,1,3,0,1,1,0,3,23,0,0
3,0,2,90,5,38,1,1,1,0,1,2,1,26,0,0
1,1,2,30,4,47,0,4,3,0,1,1,4,9,1,1
1,1,2,30,1,83,1,1,1,0,3,2,1,8,1,1
2,0,2,30,3,28,0,2,2,0,0,0,4,12,1,1
1,1,2,30,2,33,1,1,0,0,0,2,4,23,1,1
2,0,2,90,1,41,0,4,3,1,1,0,3,19,1,1
2,0,2,30,2,75,1,1,2,0,3,3,1,33,1,1
0,1,2,30,8,52,0,0,1,1,2,0,3,22,0,0
0,1,2,30,9,80,1,4,2,0,3,1,2,13,0,1
2,0,2,90,5,74,0,1,2,0,3,1,1,32,0,0
1,1,2,30,5,30,0,2,3,1,0,2,1,8,1,1
3,0,2,30,9,39,1,3,2,1,1,0,0,2,1,1
2,0,2,30,14,51,0,0,2,0,2,0,3,23,1,1
1,1,2,30,5,43,0,3,1,0,1,1,4,9,1,1
2,0,2,30,5,27,0,1,2,0,0,2,1,8,1,1
3,0,2,90,5,45,0,1,2,1,1,2,1,33,0,1
1,1,2,90,4,28,0,1,3,0,0,0,3,23,1,1
3,0,2,30,10,79,1,4,2,0,3,0,4,25,1,1
0,1,2,90,4,50,1,1,3,0,2,2,1,30,1,1
3,0,2,30,12,70,0,1,2,0,3,0,3,20,0,1
3,0,2,90,3,73,1,1,3,1,3,0,2,13,1,1
2,0,2,30,17,43,0,0,0,1,1,0,3,20,1,0
2,0,2,30,6,35,0,1,1,1,1,0,2,10,1,1
2,0,2,30,5,29,0,3,1,1,0,2,4,17,1,1
0,1,2,30,2,72,1,2,2,0,3,0,3,12,1,1
3,0,2,30,7,61,1,2,2,1,2,2,1,8,0,1
3,0,2,30,1,53,1,0,2,0,2,2,0,31,1,1
3,0,2,30,2,37,1,0,2,0,1,3,0,22,1,1
2,0,2,30,2,49,1,0,2,0,1,1,4,30,1,1
0,1,2,30,8,33,1,0,2,1,0,2,4,34,1,1
3,0,2,90,4,69,0,0,1,0,3,2,1,33,0,0
3,0,2,30,9,30,1,0,1,0,0,0,0,14,1,1
0,1,2,90,4,35,1,2,2,0,1,0,0,33,1,1
0,1,2,30,3,29,0,2,1,0,0,2,1,33,1,1
0,1,2,30,5,43,0,4,0,0,1,1,3,12,1,1
2,0,2,90,4,36,0,3,0,0,1,1,0,12,1,0
3,0,2,30,4,42,1,1,2,0,1,1,2,24,1,1
2,0,2,30,13,75,1,1,0,0,3,0,3,19,1,1
0,1,2,90,6,52,0,1,2,1,2,0,3,16,0,0
1,1,2,30,8,44,0,0,2,0,1,2,4,23,1,1
3,0,2,30,1,37,1,3,0,0,1,2,4,34,1,1
0,1,2,90,4,73,0,0,3,0,3,2,1,28,0,0
1,1,2,30,3,41,1,2,0,1,1,2,4,34,1,1
3,0,2,30,9,28,1,4,2,0,0,2,2,4,1,1
2,0,2,30,2,39,0,4,3,0,1,0,2,22,1,1
0,1,2,30,9,39,1,4,2,0,1,1,2,13,1,1
1,1,2,30,8,44,0,3,0,1,1,0,0,14,1,1
0,1,2,90,5,37,0,0,1,0,1,1,1,6,0,0
2,0,2,30,9,68,0,3,1,0,3,1,4,32,1,1
3,0,2,30,10,80,1,0,2,0,3,3,2,34,0,1
0,1,2,30,4,26,0,2,2,0,0,3,0,31,1,1
2,0,2,30,11,82,1,2,2,1,3,1,2,24,0,0
2,0,2,30,8,42,0,1,0,0,1,0,0,14,1,1
0,1,2,30,7,78,1,1,0,0,3,0,3,22,1,1
2,0,2,30,3,58,1,1,2,0,2,0,3,19,1,1
1,1,2,30,8,82,1,2,0,1,3,2,2,1,1,1
3,0,2,30,13,31,0,0,2,1,0,2,0,5,1,1
2,0,2,90,5,81,0,4,2,0,3,1,0,12,0,0
